text,label
"KATMANDU, Nepal (AP) - A heavily guarded convoy of six buses snaked its way out of Nepal #39;s capital Thursday, the first vehicles to defy Maoist rebels who blockaded Katmandu this week with threats alone and without setting up a single roadblock.",0
"AT amp;T Corp (TN: Quote, Profile, Research) on Thursday said it was lowering the price on its CallVantage Internet calling service by \$5 per month, matching the price from several other suppliers.",3
"Guerrillas have killed 17 Iraqis and wounded 13 in an attack on buses that were taking them to work at a weapons dump near the town of Tikrit north of Baghdad, the US army say.",0
"Microsoft quietly launched its new blogging service, MSN Spaces, earlier this week. The quiet launch has already attracted more than 250,000 users to the new service, still in beta.",3
"The National Hockey League #39;s top negotiator, Bill Daly, says that by not talking to the National Hockey League Players #39; Association, the league is actually moving the process forward.",1
"In the wake of reports that Koh Young-hee, the wife of North Korean leader Kim Jong-il, passed away earlier this month, experts are attempting to weigh the impact her death could have on",0
"Reuters - Web surfers from Beijing to Berkeley\have made Google their search engine of choice, but some of\Europe's institutional investors have gone sour on the dot-com\on the eve of its initial public offering.",0
"AP - This small village of mud and straw huts lay ruined and abandoned Sunday, the ground charred, after residents said Sudanese soldiers attacked with a warplane and helicopters, driving farmers from their homes days before a U.N. deadline to end the violence in the ravaged Darfur region.",0
"America Online Inc. said Thursday it had filed a federal lawsuit accusing numerous unnamed defendants of violating federal and state laws by sending bulk messages known as ""spim"" to instant message accounts and Internet chat rooms.",3
"AP - The United States plans to rejoin the international body that regulates the global coffee trade. Assistant Secretary of State Anthony Wayne will make the formal announcement Wednesday, the State Department said in a statement.",0
The Craig behind Craigslist speaks about his Web community's popularity and touches on the site's future.,3
QUEENSLANDER Rod Pampling made four birdies on the front nine to grab the outright lead in the second round of the Australian Open in Sydney.,1
"Reuters - Gov. Arnold Schwarzenegger signed\a law on Friday that would post information on sex offenders on\the Internet, giving Californians easier access to details on\violators.",3
Kaiju Big Battel -- a multimedia event in which costumed combatants spew toxic ooze on audience members -- is growing in popularity. There are already dedicated websites and a DVD series. Coming next: a book and TV pilot. By Xeni Jardin.,3
Padraig Harrington led the way in the German Masters first round on Thursday as Europe #39;s Ryder Cup players warmed up for next week #39;s match against the United States.,1
Reuters - A U.S. government medical\reviewer told an advisory panel Monday that new findings\confirmed his conclusion months ago that certain\antidepressants increase the chances of suicidal behavior among\children and teens.,2
AP - Terry Pilkadaris of Australia shot an even par 72 Saturday to take a two-stroke lead after the third round of the inaugural Shanghai Open.,1
"WATERFORD TOWNSHIP, Mich. -- A Waterford Township house fire claimed the lives of a veteran police officer and his family over the weekend.",2
"Tired of the heavy political ads, the ones that weigh you down with negativity, blame for national problems and division? Now there #39;s less reason to fret the breaks in your TV shows.",2
"SHARM EL SHEIKH, Egypt -- Iraqi officials rejected Arab criticism of US actions in their country, as an international conference on Iraq #39;s future opened Monday.",0
washingtonpost.com - It's amazing to see what an entrenched monopolist will do when it finally meets real competition.,3
"If the Knicks have not yet found the ability to crush teams at will, they have at least discovered how to win even when their minds wander and their discipline disappears.",1
"Moore, a senior at UNLV who has already won the NCAA Division I, US Amateur Public Links and Western Amateur titles, will face Luke List, who beat Chris Nallen in 19 holes, in today #39;s 36-hole final.",1
"AP - In the tumult of the visitors' clubhouse at Yankee Stadium, champagne pouring all around him, Theo Epstein held a beer.",1
"There were a lot of  quot;firsts quot; Friday at the ATP stop in Delray Beach, with more to come. Top-seeded Vince Spadea (d. (Q) Armando in three) reached his first Delray Beach semifinal in seven attempts.",1
"German software giant SAP is teaming with Hewlett-Packard (HP) to offer midmarket companies in the US a hosted software offering that includes applications, maintenance, services and support for a monthly fee.",3
"Serena Williams joined her Wimbledon conqueror Maria Sharapova in the quarterfinals of the China Open with a hard-earned 6-4, 3-6, 6-3 win over Russian Dinara Safin.",1
Bayern Munich players and officials were thrilled at the propsect of meeting English champions Arsenal for a place in the quarter-finals of the Champions #39; League after today #39;s draw in Nyon paired the two clubs.,1
"Reuters - Cambodian Prime Minister Hun Sen,\concerned for his country's political stability, said on Sunday\that a new monarch should be chosen next week if King Norodom\Sihanouk was determined to retire.",0
AP - Todd MacCulloch always knew his career would end. He just never expected it to come to such a sudden and mysterious stop.,1
"Century-maker Jacob Oram respected, frustrated and then bludgeoned an all-conquering bowling attack before his own  quot;popgun quot; bowling sent tremors through Australia #39;s top order in the first cricket test today.",1
Don #146;t let less-than-perfect credit prevent you from driving the car you want. Fill out a free loan application at Auto Net Financial and we #146;ll pre-arrange financing at a dealer near you.,2
"Marsh   McLennan, the US insurance broker being sued for alleged price fixing, is to cut 3,000 jobs as it faces an expected decline in its revenues.",2
The Home Office is touting ID cards as a solution to ID theft in today's Queen's Speech but a Yorkshire man has taken matters into his own hands.,3
AP - Mr. Raider is eager to hear cheers from the Black Hole one more time.,1
"Martha Stewart Living Omnimedia is expected to name former ABC Entertainment President Susan Lyne as its new chief executive, replacing Sharon Patrick, according to a report on New York Magazines Web site on Thursday.",2
"Tokyo share prices slid overnight, on selling triggered by the dollar #39;s renewed slide against the yen. The fall in the greenback re-ignited concern over the impact not just on exporters but Japan #39;s export-led economic recovery, dealers said.",2
NEW YORK (Reuters) - The dollar extended gains against the  euro on Monday after a report on flows into U.S. assets showed  enough of a rise in foreign investments to offset the current  account gap for the month.,2
"Fading hopes for intervention by European and Japanese central banks depress the dollar to new lows against the euro, yen and pound.",2
"com October 5, 2004, 8:32 AM PT. Rivals PalmOne and Microsoft appear to have cast aside their differences, as the handheld maker licenses an e-mail synchronization tool from the software giant.",3
"AP - Vice President Dick Cheney hammered away at familiar themes in a visit to New Jersey Monday, portraying Democrat Sen. John Kerry as indecisive in a speech to a couple of thousand Republican faithful.",0
AFP - Standard and Poor's Ratings Services said it had its eye on Royal Dutch/Shell for a possible downgrade of the oil company's debt rating in case of a further restatement of its reserves.,0
"BOSTON (Reuters) - Diversified manufacturer Honeywell  International Inc. &lt;A HREF=""http://www.investor.reuters.com/FullQuote.aspx?ticker=HON.N target=/stocks/quickinfo/fullquote""&gt;HON.N&lt;/A&gt; posted an 8 percent rise in  third-quarter profit on Wednesday as strong demand for  aerospace equipment and car components boosted sales.",2
"GM Today Staff. WAUKESHA - The orange numbers glow bright enough to be seen from across the street of North American Computer. The number - 68,248.",3
AP - Vikram Kumar is hardly your typical tech chief executive. He shares a two-bedroom apartment with a sister and a nephew and gets around town by bicycle or in a 20-year-old Mercedes Benz.,3
"The record level of debt being carried by American households and soaring home prices do not appear to represent serious threats to the U.S. economy, Federal Reserve Chairman Alan Greenspan said Tuesday.",2
AFP - Australians have gone to the polls in national elections that will decide if their country remains in Iraq as staunch allies of the United States or pulls out by Christmas to switch its international focus to engagement with Asia.,0
"With a combined 38.5 million customers, the new company formed by a Sprint and Nextel merger would move closer to frontrunner Cingular, which now has some 47 million customers following its",2
"(Sports Network) - Johan Santana continues his push for the American League Cy Young Award, as he takes the ball for the Minnesota Twins in the opener of a three-game series against the visiting Chicago White Sox.",1
PHILADELPHIA - How valuable has Danny Fortson been to the Seattle SuperSonics? He #39;s having an impact on the team even when he #39;s not playing.,1
"Greek and British police have cracked a multimillion-dollar illegal software sales ring, arresting two people and seizing thousands of pirated high-tech software programs.",3
"Sure the story of the former New England Patriots running back now starring for the New York Jets has aged, as has Martin. But hesa player who seems to get better with age, and",1
"China has decided to impose duties on its exports of textiles and apparel, a move that could ease worldwide fears that Chinese clothing makers will soon dominate the global market after its liberalization on Jan.",2
"Two ex-Computer Associates executives, including former chief executive Sanjay Kumar, have been charged with securities fraud, conspiracy and obstruction of justice relating to their alleged involvement in a multi-billion dollar accountancy scandal.",2
"Bosnian Prime Minister Adnan Terzic has announced that he and the Bosnian government will resign. Terzic made the statement to Bosnia private television, BN TV.",0
"HOUSTON - Roger Clemens has pitched as many important games as any pitcher of his generation, including nine All-Star games and seven World Series outings.",1
"New York (dpa) - Delphi Corp., the world #39;s largest auto-parts maker, said Friday that it will cut 8,500 jobs, or nearly 5 per cent of its workforce, next year while it also announced that it would post losses for the fourth quarter and for 2005.",2
"Reuters - Cisco Systems Inc. , the\biggest maker of equipment that directs data over the Internet,\on Tuesday said quarterly earnings rose 29 percent on stronger\demand for gear such as wireless networks and Internet\telephone equipment.",3
"Rescuers search for the bodies of air crash victims at the site of an air crash in Baotou, north China #39;s Inner Mongolia Autonomous Region, on Sunday November 21, 2004.",0
"In a move that may be seen by some in corporate America as an early lump of coal in many Christmas stockings, the Financial Accounting Standards Board (FASB) will require companies to report the cost of stock options in their financial statements beginning next year, it announced Thursday.",2
Analysts say the move could legally bind the Communist Party leadership to follow through on its long-standing threat to attack Taiwan if the island formally declares independence.,0
"As expected, Computer Associates (CA) is now shipping the Ingres r3 database for Linux following last summer #39;s announcement it would be available under an open source license.",3
"EBay, the online marketplace, yesterday continued its push across the globe with a \$530m (296m) offer to take full control of its South Korean affiliate, Internet Auction Co.",3
Google is trying to create an online reading room for five major libraries by scanning stacks of hard-to-find books into its Internet search engine.,3
Diamond Ferri ran for 141 yards two touchdowns and scored again on an interception Saturday in Boston as Syracuse rolled to a 43-17 victory over No.,1
"Lecce, Italy (Sports Network) - Alessandro Del Piero led Juventus to a 1-0 victory in the rain over Lecce Sunday. The win allowed Juve to maintain a six point cushion on top of the table.",1
"AP - Shoppers rediscovered their urge to splurge in September, catapulting retail sales up by the largest percentage gain in six months. Industrial activity was restrained, meanwhile, partly because of hurricanes.",2
"Saddam Hussein and other detained members of the deposed Iraqi regime will face trial within a few weeks, Iraqs minister of state said today.",0
"Newspapers across the country have been engaging in discussions about whether their current rosters of comics are a luxury, given the current dreary economics of the newspaper business.",0
Federal prosecutors in Brazil say they have identified 137 politicians and more than 400 officials involved in a corruption scandal.,0
"AP - A Kosovar woman among three U.N. workers kidnapped in Afghanistan has called home to say she is well and expects to be freed soon, a businessman seeking her release said Tuesday.",0
"SAN FRANCISCO - After removing the 2006 ""Kodiak"" release of Exchange Server from its product road map earlier this year, Microsoft Corp.'s plans for the messaging software have gotten even cloudier.",3
"India's former foreign minister has denounced Secretary of State Colin L. Powell in unusually strong terms, saying that Powell's account of how he helped facilitate a dialogue between the Indian and Pakistani prime ministers was ""fabricated and baseless.""",0
"Comcast and Time Warner yesterday announced they will make a joint bid for Adelphia Communications, jumping to the front of the pack in the widely watched auction for the No.",2
Orlando Hernandez allowed one run and two walks in becoming the first Yankee starter to open the season 8-0 since Bob Wickman in 1993.,1
Striker Samuel Eto #39;o says Barcelona still want to top their Champions League group despite having safely qualified for the knockout stages with a 1-1 draw against Celtic on Wednesday.,1
"WASHINGTON Sept. 5, 2004 - A spotty job market and stagnant paychecks cloud this Labor Day holiday for many workers, highlighting the importance of pocketbook issues in the presidential election.",2
Thousands of automobiles clogged Florida #39;s highways during the largest evacuation in state history as residents anticipated the arrival of Hurricane Frances.,3
"The Securities and Exchange Commission is expected to announce today a settlement with Qwest that is highly critical of  quot;senior management, quot; two sources familiar with the case said.",2
The nation's second-largest bank attributing the weaker performance to poor results in fixed-income trading.,2
"Olympic gold medalist Tyler Hamilton was fired by his cycling team two months after testing positive for blood doping. The Swiss-based International Cycling Union, or UCI, said Tuesday",1
"SAN FRANCISCO (CBS.MW) -- UAL Corp, parent of United Airlines, said late Monday it will cut pay of salaried workers and management beginning Jan. 1 as part of its goal to emerge from bankruptcy.",2
ATHENS (Reuters) - The last long-course world swimming record held by now discredited Communist East Germany was finally consigned to history by an American quartet at the Olympics on Wednesday.,1
"US employers will add jobs at a quicker pace at the end of 2004 and throughout 2005 than earlier expected, according to a survey of economic forecasters out Monday.",2
Bank of America Corp. chief executive Kenneth D. Lewis reaffirmed his bank #39;s commitment to New England yesterday in a round of meetings in Boston with state,2
"Arsenal are confident captain Patrick Vieira will be fit for Sunday #39;s showdown with Manchester United. Boss Arsene Wenger said Vieira only had a 20-80 chance of facing United, but the player has responded",1
"WASHINGTON (Reuters) - Delta Air Lines &lt;A HREF=""http://www.investor.reuters.com/FullQuote.aspx?ticker=DAL.N target=/stocks/quickinfo/fullquote""&gt;DAL.N&lt;/A&gt; said on  Wednesday its auditors have expressed doubt about the airline's  financial viability.",2
"Aug. 20 (Bloomberg) -- Crude oil futures rose to a record, surpassing \$49 a barrel in New York, on concern clashes in southern Iraq between US troops and Shiite Muslim militiamen may cut exports.",2
"Reuters - This week's talks between Japan and North\Korea show that efforts to hold another round of six-party\negotiations on the North's nuclear program are gathering pace,\South Korea's foreign minister said on Wednesday.",0
"NEW YORK (Reuters) - UAL Corp. &lt;A HREF=""http://www.investor.reuters.com/FullQuote.aspx?ticker=UALAQ.OB target=/stocks/quickinfo/fullquote""&gt;UALAQ.OB&lt;/A&gt; , the parent of  United Airlines, said on Friday it would raise its existing \$10  each-way fuel surcharge by an additional \$5 due to soaring fuel  costs.",2
"Microsoft Corp. will give customers advance notice of its monthly security updates in an effort to help them prepare to install related software patches, the company announced Thursday.",3
"UNI New Delhi Sept 22: India is well positioned to benefit from the upswing expected in global Foreign Direct Investment (FDI) flows in 2004, a flagship UNCTAD report released here today said.",2
"Both the CPSC and Apple advised G4 customers affected by the fault to contact Apple immediately. Apple said it has made provision to supply replacement batteries free of charge by arrangement with the battery #39;s South Korean manufacturer, ...",3
CBC SPORTS ONLINE - The Vancouver Canucks have re-signed the Sedin twins for another season. Henrik and Daniel Sedin each agreed to one-year deals with the Canucks on Friday.,1
"Bank One said Thursday that its chief economist is leaving the company, less than two months after it was purchased by JP Morgan Chase  amp; Co.",2
"Quarterback Jason White, last year's Heisman winner, passed for five touchdowns as No. 2. Oklahoma escaped from No. 22 Texas A M.",1
"Israel withdrew its tanks and ground forces from populated areas in the northern Gaza Strip on late Friday, ending its bloody operation in the area.",0
Pakistan #39;s military says it has killed some 150 foreign fighters during its 11-month battle against militants in the country #39;s tribal belt.,0
"WASHINGTON - The Recording Industry Association of America (RIAA) has filed 762 new lawsuits against alleged file-traders using P-to-P (peer-to-peer) services, with the total number of lawsuits filed since September 2003 now reaching more than 5,500.",3
"AP - The ex-Iraqi general known as ""Chemical Ali,"" who is accused of using chemical weapons attacks to kill thousands of Kurds, will be the first detained former Saddam Hussein regime figure to stand trial next week, a government official said Wednesday.",0
Jonah Lomu has not targeted next year #39;s Sevens World Cup in Hong Kong for his comeback but admitted he still harbours dreams of playing for his country again.,1
"By MIKE SCHNEIDER     PUNTA GORDA, Fla. (AP) -- Until the electricity hums again and the debris is cleared, health officials are worried that there could be more deaths and injuries in Hurricane Charley's aftermath than during the storm itself...",3
"Olympic gold medalist Tyler Hamilton's pro cycling team fired him after he failed doping tests, the sport's world governing body said Tuesday.",1
"ATHENS, Greece -- The Americans were staggered by emotions, never by opponents. It took a gold medal to knock them down. Laura Berg got a head start.",1
"Union members from Seattle #39;s two feuding daily newspapers voted yesterday to retain their local #39;s association with a citizens #39; group that is seeking to thwart moves by The Seattle Times that could lead to a shutdown of its rival, the Seattle Post",2
JAMAICA #39;S BID for a place in the 2006 World Cup finals suffered a major setback on Wednesday night when they picked up only one point against El Salvador at the National Stadium.,1
"Ariel Sharon should meet with Bashar Assad. Although Syria has not expelled the terror groups from Damascus, how could Assad be worse than Mahmoud Abbas, with whom Sharon is willing to meet, as Newsweek reported this week?",0
"NTT DoCoMo, Intel and IBM have published a jointly developed security specification called the Trusted Mobile Platform. It aims to provide an end-to-end security architecture for mobile wireless devices, including",3
"Gary Payton saved his biggest contribution for last, going scoreless for the first time in Boston but stealing the ball in the final seconds to help the Celtics hold off the Toronto Raptors 91-89 Friday night.",1
NASA scientists are poring over the latest pictures unveiling Saturn #39;s mysterious moon Titan. The images show distinct dark and bright surface areas.,3
"A four-day general strike over rising fuel prices has begun in Nigeria, Africa #39;s largest oil producer. The largest trade union grouping in the country, the Nigerian Labour Congress, said more strikes will",0
"Mortar attacks hit a central Baghdad hospital Saturday, killing an employee and injuring three others, officials said. A mortar round exploded in the garden of the Ibn al-Betar hospital",0
"CHICAGO -- A tentative contract agreement has been reached between officials of the Chicago Sun-Times and the Chicago Newspaper Guild, averting a possible strike, it was announced Wednesday afternoon.",2
Brian Cashman wore a sweatshirt and blue jeans as he cruised the emptying lobby of the Anaheim Marriott on Monday. He grabbed a pizza.,1
"Thomas Coughlin, who joined Wal-Mart Stores as head of security and rose to vice chairman, will give up the post early next year after 25 years of service that helped the company become the world #39;s biggest retailer.",2
"Federated Department Store Inc. posted better-than-expected earnings in the third-quarter of 2004 thanks to a sales rebound in Florida, where hurricanes had dampened sales in September.",2
AP - Pitcher Matt Ginter was placed on the 60-day disabled list by the New York Mets on Saturday and will have surgery Monday to remove bone chips from his right ankle.,1
"Myanmar #39;s Prime Minister Khin Nyunt was removed from office Tuesday and placed under house arrest by the country #39;s military junta, the BBC reported.",0
"a indiqu ce jour que la socit a reu diffrents engagements de soutien de Paramount Pictures, Universal Pictures, New Line Cinema, et Warner Bros.",3
A new virus targeting Mac OS X is not expected to cause much trouble. But malcode experts said it should serve as a warning to those using alternatives to Microsoft that their machines are not attack-proof.,3
"UN nuclear inspectors abandon demands for unlimited access to Brazilian facilities, the country says.",0
"British consumer watchdog group Consumers #39; Association, publishers of Which? magazines and books, on Wednesday announced that they #39;ve written to the Office of Fair Trading (OFT) alleging that Apple may be",3
"Top seed Lleyton Hewitt was pushed to three sets by a Japanese player for the second day in a row at the \$860,000 Japan Open on Thursday.",1
"In a world in which the fortune OF a pharmaceutical company can rise and fall on the strength of a handful of blockbuster drugs, Vioxx was a giant.",2
"THE HAGUE (Reuters) - Dutch police stormed a flat after a  14-hour stand-off in which four officers were wounded,  arresting two people, and detained five more elsewhere -- all  suspected of links with a network of radical Muslims.",0
"FOXBOROUGH -- The Patriots have won 20 games in a row, and yesterday they tied the NFL record for most consecutive regular-season wins (17). Those are feats that take all the emotion the players can muster week after week.",1
Italy dismisses claims that two female aid workers held hostage in Iraq have been killed.,0
"Considered important vulnerabilities that leave users open to attack in Microsoft #39;s (Nasdaq: MSFT) Windows for desktop and server installations, the Redmond",3
"NABLUS, West Bank - Five Palestinian fugitives, including a militant leader, were killed on Wednesday during a fierce gun battle with Israeli soldiers in this West Bank city, Palestinian and Israeli sources said.",0
"Human Genome Sciences plans to announce that H. Thomas Watkins, a former Abbott Laboratories executive, will be its new chief.",3
"Intel #39;s (INTC:Nasdaq - news - research) plans for high-end computing reached a sad milestone Tuesday, with Hewlett-Packard (HPQ:NYSE - news - research) saying it would end the partnership that developed the less-than-successful Itanium chip.",3
The Democratic Unionist Party #39;s executive has given its unanimous approval to leader Ian Paisley as he enters the final stage of talks aimed at restoring devolution to Northern Ireland.,0
"By israelinsider staff September 27, 2004. An Israeli Druze citizen employed by CNN was kidnapped in Gaza City on Monday evening, by five armed Palestinians.",0
"SOUTH BEND, Ind. -- Without a doubt, it was the biggest catch of his career.",1
"LONDON: A 21-year-old British soldier was arrested Tuesday in connection with the murder of a civilian in Iraq, London #39;s Metropolitan Police said.",0
The UN says Fiji has become the first nation to offer troops specifically to protect its staff in Iraq.,0
"The Mets are close to signing Pedro Martnez to a four-year contract for \$56 million, according to a person involved in the negotiations.",1
"AP - British Foreign Secretary Jack Straw, touring a sprawling desert camp housing 40,000 displaced people from the troubled western Darfur region, urged the Sudanese government to do more to make it safe for the frightened refugees to return home.",0
"The U.S. military announced Thursday that the courts-martial of three Army reservists charged with abusing Iraqi detainees at Abu Ghraib prison would be transferred from Baghdad to Fort Hood, Tex.",0
"The Toronto Argonauts are set to announce York University as the location of their new stadium, according to several published reports.",1
"NEW YORK (Reuters) - Brown Shoe Co. Inc. (BWS.N: Quote, Profile, Research) on Wednesday posted a 32 percent drop in quarterly earnings, hurt by slack sales from its children #39;s unit, Bass wholesale business and Naturalizer chain.",2
The contest many baseball fans wanted to see is about to begin. The Boston Red Sox and the New York Yankees begin playing for the American League Championship Tuesday.,1
"Talladega, AL (Sports Network) - Veteran Joe Nemechek circled the 2.66-mile Talladega Superspeedway in 50.202 seconds (190.749 mph) to win the pole for Sunday #39;s EA Sports 500 Nextel Cup event.",1
"EILAT, ISRAEL - Six Egyptian students were freed by Israel on Sunday in exchange for the release of an Arab-Israeli spy. The students had sneaked into Israel in August and were arrested on suspicion that they",0
"2003 was the first time plastic and other electronic payment methods beat out paper, according to a survey released yesterday by the Federal Reserve.",2
"Richard Rohmer, a friend of Conrad Black and director of Black #39;s holding company, Hollinger Inc., may resign from the board as early as next week because he #39;s tired of dealing with complex",2
"quot;With him disappears the man of courage and conviction who, for 40 years, has incarnated the Palestinians #39; combat for recognition of their national rights.",0
"JAKARTA (Reuters) - Former general Susilo Bambang Yudhoyono  took office as Indonesia's first directly elected leader on  Wednesday after sweeping to power by vowing faster job growth,  a war on corruption and tough punishment for terrorists. A  solemn-looking Yudhoyono was sworn in at parliament in front of  the very legislators many expect will challenge the big popular  mandate he won in Indonesia's historic democratic presidential  ballot last month.",0
FOXBOROUGH -- He needed a long hit of mouthwash when the festivities at Gillette Stadium were over yesterday.,1
"(November 10, 2004) - They stood out in the cold, in the snow, in the middle of the night like concert junkies waiting for tickets to see their favorite band.",3
"DAMASCUS, Syria - A car bomb killed a leader of the Palestinian militant group Hamas in Damascus on Sunday, and Israeli security officials acknowledged that the Jewish state was involved.    Police at the scene were seen retrieving pieces of the body of Izz Eldine Subhi Sheik Khalil...",0
"DALLAS (Reuters) - American Airlines' parent AMR Corp.  &lt;A HREF=""http://www.investor.reuters.com/FullQuote.aspx?ticker=AMR.N target=/stocks/quickinfo/fullquote""&gt;AMR.N&lt;/A&gt; on Wednesday posted a third-quarter loss as record-high  oil prices battered the bottom line of the world's largest  airline.",2
AP - Iowa Gov. Tom Vilsack said Monday that he will not seek the chairmanship of the Democratic Party.,0
Hitting hero Ichiro Suzuki declined to accept a prestigious award from the Japanese government for a second time. Tokyo wanted to salute Suzuki #39;s achievement for producing the most hits in a season,1
"Two US 1st Infantry Division soldiers were killed in separate incidents today near Balad, Iraq, the US military said, and three Iraqi soldiers were killed by a suicide bomber near the insurgent-held city of Fallujah.",0
"SAO PAULO (Brazil): Olympic marathon bronze medallist Vanderlei de Lima, who was tackled by a spectator while leading the race, came home Wednesday to a heros welcome and said he was thrilled to earn a medal even though his fellow Brazilians believe he",1
"BRUSSELS -- Microsoft Corp. will be ready to comply with the European Commission's demands for changes to its Windows operating systems if a European court rejects its request for the measures to be suspended, a spokesman for the company said Monday.",3
"MALELANE, South Africa - England #39;s Neil Cheetham had the only bogey-free round Saturday, shooting a 3-under-par 69 that gave him a one-stroke lead after three rounds of the Dunhill Championship.",1
"STOCKHOLM, Sweden - Austrian feminist writer Elfriede Jelinek won the Nobel Prize in literature, the Swedish Academy said Thursday, citing her ""musical flow of voices and counter-voices in novels and plays.""   The decision to award the prize to a woman, and a poet, was the first since 1996, when Wislawa Szymborska of Poland won. Since the prize first was handed out in 1901, only nine women have won it...",0
"BOTH Charlton and Southampton are rueing the two points lost from this morning #39;s 0-0 Premiership draw. Said Charlton  #39;keeper Dean Kiely, who made the vital stop that helped preserve a point for the Addicks:  #39;It was a bit frustrating for us.",1
"Becali, the most senior of Mutu #39;s team of four advisers, told Romanian television last night that the 25-year-old striker took cocaine at a party.",1
"Riot police used water cannons and tear gas Friday to break up a demonstration by hundreds of rock-throwing protesters before more than 20,000 people marched to vent their anger at Pacific Rim leaders, particularly President Bush.",0
"CHICAGO, Aug 19 (Reuters) - Loral Space  amp; Communications Ltd. (LRLSQ.OB: Quote, Profile, Research) , a bankrupt satellite operator, on Thursday said it filed its reorganization plan and it expects to emerge from bankruptcy before year #39;s end.",3
Bayern Munich #39;s Dutch striker Roy Makaay warned his team they needed to raise their game if they were to trouble Ajax Amsterdam in their Champions League encounter on Tuesday.,1
LONDON (Reuters) - Although the grand slam silverware has  been doled out for the 2004 season there is still much pride  and prize money to play for as the tennis year creeps toward  its climax.,1
"A CANADIAN seaman aboard the submarine HMCS Chicoutimi has died one day after being injured when the vessel caught fire, Canadian Prime Minister Paul Martin announced today.",0
"Two small moons have been discovered orbiting Saturn by NASA #39;s Cassini-Huygens probe. The find, which was announced yesterday, raises Saturn #39;s satellite count to 33.",3
"AP - No bullpen collapse by the Houston Astros this time. Brad Lidge was on the mound. The Astros closer allowed just one hit and struck out five in two innings Saturday, protecting Houston's lead and helping the Astros beat the St. Louis Cardinals 5-2 in Game 3 of the NL championship series.",1
"FedEx Corp. (FDX.N: Quote, Profile, Research) on Monday raised its earnings forecast for the fiscal first quarter and full year, citing strong demand for its international express, ground and less-than-truckload services.",2
"AP - The Cassini spacecraft is sending back evidence that Saturn's planet-size moon Titan is geologically alive, possibly with liquids moving on its surface, scientists said Thursday.",3
"NASA, the American space agency responsible for putting a man on the moon but who also lost seven astronauts in its 2003 Columbia Shuttle voyage and seven astronauts in its 1986 Challenger take-off, says the first space shuttle mission since the disaster",3
"Prime Minister Tony Blair may call general elections in February 2005 instead of in May, as had been widely expected, two newspapers reported Sunday.",0
"WASHINGTON -- The fossil of what may be one of the earliest baby birds has been found in northeast China. The fossil, estimated at 121 million years old, is curled up as though still in its shell.",3
"The official crowd at Fenway Park last night was a capacity 35,120, but as the years pass, the number of people who claim to have attended the Red Sox stats, schedule #39; 5-4, 14-inning victory",1
The drug maker Eli Lilly  amp; Co. said Friday it is warning doctors to stop using its attention deficit disorder drug Strattera in patients with jaundice or laboratory evidence of liver injury.,2
World Anti-Doping Agency (WADA) chief Dick Pound says that if US sprinter Marion Jones has taken banned substances she should be stripped of all her medals regardless of when she won them.,1
"The Supreme Court of Chile yesterday stripped Augusto Pinochet, the country #39;s former military dictator, of his immunity from prosecution - opening the way for him to be charged with human",0
Security specialist Symantec has admitted to a number of vulnerabilities in its firewall and gateway products. The weaknesses make them liable to denial of service attacks and other compromises.,3
AP - The Bush administration said Thursday it is weighing a request from several U.S. refiners to borrow crude oil from the nation's emergency stockpile to help offset supply disruptions along the Gulf Coast from Hurricane Ivan.,0
Stand-in India captain Rahul Dravid has called on his batsmen to make amends for some dire first-innings batting in the fourth test against Australia.,1
"MOSCOW: Russia launched a new-generation space booster rocket today in a move that could eventually help send civilian cargoes into space, Itar-Tass news agency reported.",3
Europes leaders were urged today to continue a ban on arms sales to China in protest against torture and human rights abuses. The call came on the eve of an,0
AP - Former U.S. prisoners of war who blamed their years of captivity in Vietnam on activists such as John Kerry are the only voices in a documentary that Sinclair Broadcasting has decided not to air in its entirety.,0
"When Wally Danielson's pager started rattling at 4:54 a.m. last Monday to report a fire of an undetermined nature at Hunters Brooke, the volunteer fire chief in Marbury didn't think much of it.",0
"Technology trade groups cheered parts of a comprehensive intelligence reform bill passed by Congress yesterday, but said the government's chief cybersecurity official should have a more prominent position.",3
Guillermo Canas followed up his defeat of top seed David Nalbandian by beating unseeded German Tommy Haas 6-4 6-3 on Saturday to reach the final of the Vienna Trophy.,1
"OTTAWA - A Boeing 747 cargo jet registered in Ghana crashed and burned on take-off from Halifax airport in the eastern Canadian province of Nova Scotia on Thursday, killing all seven crew on board, police said.",0
"In its first meet in the program's history, the Sandwich girls' gymnastics team proved to be quick learners, defeating Carver, 130 3/4-105.",1
quot;Buck and McCarver talk too much. Why doesn't Fox muzzle them? quot;  quot;I can't stand McCarver. Why doesn't Fox hire Jerry Remy to call the World Series? quot;,1
"Reuters, the news service and data company, which is trying to meet stringent cost-cutting targets, said Thursday it would triple the number of employees it has in India by the end of next year.",2
"Maxime Faget conceived and proposed the development of the one-man spacecraft used in Project Mercury, which put the first American astronauts into suborbital flight, then orbital flight",3
Dan Orlovsky threw for 237 yards and Cornell Brockington ran for 187 yards and a score Thursday night to give Connecticut a 29-17 win over Pittsburgh.,1
"Reuters - The first case of soybean rust has\been found on the mainland United States and could affect U.S.\crops for the near future, costing farmers millions of dollars,\the Agriculture Department said on Wednesday.",3
"University of Colorado Regent Jim Martin said Thursday the university must take swift, sure action to restore public trust after the disclosure of a critical audit of a fund-raising organization and a private football camp run by head",1
"Another disheartening event has taken place in Myanmar (Burma). Prime Minister Khin Nyunt, No. 3 in the hierarchy of the military junta, was replaced with First Secretary Soe Win, a reputed protege of Than",0
Rocket plane SpaceShipOne is to attempt a second space flight on Monday in a bid to clinch the \$10m Ansari X-Prize. Judges officially confirmed that pilot Mike Melvill took the craft to 103km (64 miles) on Wednesday #39;s first flight.,3
TORONTO - Nortel Networks said Friday it has hired consulting firm Accenture to help it revamp its financial organization. Accenture will review elements of Nortel Networks global finance organization and,2
The New York Mets and free agent Pedro Martinez are close to finalizing a four-year contract for the 33-year-old pitcher.,1
Sven-Goran Eriksson hailed David Beckham #39;s strength of character in recovering from his Euro 2004 woes as he said:  quot;Criticism only makes him stronger. quot; ...,1
"Global chipmaker AMD has taken up the cudgel of IT-enabling half of the worlds population, by 2015, in what could be one the most ambitious initiatives undertaken by any technology manufacturer so far.",3
"According to the Microsoft site, the vulnerabilty in WordPad allows an attacker to take complete control of the affected system.",3
"UNITED NATIONS (Reuters) - Days before a U.N. deadline for  Sudan to disarm and prosecute those responsible for violence in  the country's Darfur region, nations are looking to the African  Union rather than any U.N. sanctions to curb further killing.",0
"The rapper Snoop Dogg's version of the 1971 song ""Riders on the Storm"" will make its debut on Need For Speed Underground 2, a video game from Electronic Arts.",3
"NEW YORK (Reuters) - As Florida attempts to recover from an estimated \$15 billion in damages left by Hurricane Charley, tax-exempt debt issuance from the state is likely to increase so Florida can replenish its Hurricane Catastrophe ...",2
"Already the Phoenix Coyotes managing partner, The Great One was asked by general manager Mike Barnett if he #39;d be interested in running the team from behind the bench, too.",1
"PayPal, the online payments arm of eBay Inc., said Friday it will soon fine people up to \$500 for uses related to gambling, adult content or services, and selling prescription drugs from non-certified sellers.",2
WASHINGTON (AP) -- Oil prices fell for a fifth consecutive day Thursday despite a sharp drop in Iraqi exports after pipelines were sabotaged -- evidence that the bull market may have lost some steam.,2
"US Airways Group Inc. (UAIR.O: Quote, Profile, Research) and its pilots union agreed late on Friday to reopen concession talks after leaders of the labor group declined",2
YOKOHAMA: Germany started their three-game Asia tour with a 3-0 victory in Japan yesterday to shake off some recent World Cup ghosts.,1
"NEW YORK, Nov. 8 -- The Securities and Exchange Commission is investigating whether more than a dozen big brokerage firms failed to execute certain trades at the best possible prices for individual investors, sources familiar with the probe said.",2
British Airways has cancelled four domestic flights as the effects of yesterday #39;s problems continued to disrupt operations from Heathrow.,0
Harrah #39;s Entertainment Inc. and Caesars Entertainment Inc. agreed to sell four casino hotels to an affiliate of Colony Capital LLC for about \$1.,2
The low interest rates of the past few years have been particularly frustrating for retirees and others who favor conservative certificates of deposit for income.,2
"(2nd UPDATE) MOVIE actor Fernando Poe Jr. #39;s condition has deteriorated, according to a bulletin his doctors issued on Monday. He is still in a coma and has multiple organ system involvement.",0
(Home games in caps) APRIL 4 Mon.at Yankees 1:05 6 Wed.at Yankees 7:05 7 Thu.at Yankees 7:05 8 Fri.at Toronto TBD 9 Sat.at Toronto 1:05 10 Sun.at Toronto 1:05 11 Mon.YANKEES 3:05 13 Wed.YANKEES 7:05 14 Thu.YANKEES 7:05 15 Fri.TAMPA BAY 7:05 16 Sat.TAMPA BAY TBD 17 Sun.TAMPA BAY 2:05 18 Mon.TORONTO 11:05 19 Tue.TORONTO 7:05 20 Wed.at Baltimore 7:05 ...,1
"With PeopleSoft #39;s stockholders tendering more than 60 percent of shares, Oracle #39;s takeover bid looks poised for success. By Associated Press.",2
"HOUSTON - International space station crew members may have to abandon the outpost later this year if astronauts can #39;t fix oxygen supply problems, a NASA official said.",3
"Lagos - Nigeria #39;s President Olusegun Obasanjo will continue talks with rebels of the oil-rich Niger Delta in order to restore peace in the region, the presidential office said Sunday.",0
"The US administration, facing huge and politically sensitive trade deficits, secured China #39;s pledge Friday to work harder to move its currency toward a flexible exchange rate, which would make US goods more competitive abroad.",2
CANBERRA - Prime Minister John Howard plans to base special  #39;flying squads #39; of police in South-east Asia to fight terrorism at the source and stop it reaching Australia.,0
"LAS VEGAS -- Bernard Hopkins and Oscar De La Hoya announced a unique partnership yesterday, joining forces to create a nationwide promotional company boasting each other as the top attraction.",1
"ATHENS, Greece (AP) -- The French Olympic team is to appeal to the Court of Arbitration for Sport to try to win back its three-day event Olympic gold medal in Athens.",1
Visteon Corp. said Tuesday it is expanding in China with two new plants that will support the explosive automotive market in Asia and position the Dearborn company as a leading supplier of climate controls in the region.,3
America #39;s top enemy in Iraq claimed the killing of nearly 50 unarmed army recruits in a cold-blooded assault on fledgling security forces slated to take part in a crackdown on rebels before elections due in January.,0
"VIENNA (Reuters) - The analysis of soil samples taken by  U.N. inspectors at Lavizan, a site in Tehran that U.S.  officials suspect may be linked to an atomic weapons program,  shows no sign of nuclear activity, Western diplomats said.",0
"San Francisco's Green Festival is a cornucopia of environmentally conscious products and services, displaying everything from a corn-based disposable printer to hemp bars. Daniel Terdiman reports from San Francisco.",3
"The eServer i5 550 comes with a feature called the  quot;Solution Edition, quot; which is apparently available with certain Independent Software Vendors. The eServer i5, allegedly, has new ways to handle and optimise multiple operating system sthrough the ...",3
"LAGOS (Reuters) - Nigerian unions on Monday suspended a  general strike due to start on Tuesday after the government  agreed to reduce domestic fuel prices, union leaders said.",0
"By DAVE CARPENTER    NORTHFIELD, Ill. (AP) -- These are the times that try cookie makers' sales...",3
"The global mobile phone market is expected to see a slow down in market growth due to the lack of additional catalysts, US high tech market research firm IDC warned on Tuesday.",3
"JERUSALEM Sept. 10, 2004 - Settler leaders accused Prime Minister Ariel Sharon on Friday of bringing the country to the brink of civil war with his plans to evacuate Jewish settlements.",0
ZIGGY Switkowski was in his sick bed when Telstra #39;s board announced he had agreed to step down #39; #39; but got up to clear the air.,2
"Foreign investment levels decline in 2003, a UN report reveals, but there are signs of recovery - especially among developing nations.",2
"Plug Power Inc., a maker of on-site power generation systems for commercial and residential dwellings, on Tuesday said Tyco Electronics Power Systems Inc.",2
Iraqi police say at least 10 people are killed in a suicide attack on national guard recruits in Kirkuk.,0
"Rookie cornerback Randall Gay has had increased playing time the last two weeks in sub packages against the pass, and Ty Law has taken notice.",1
"Internet infrastructure vendor VeriSign Inc. today reported net income of \$40.3 million for the third quarter of 2004, a reversal of the \$31.3 million loss it posted in the same quarter one year earlier.",3
Counsell was a member of Arizona #39;s 2001 World Series championship team as well as the 1997 world champion Florida Marlins. He was the Most Valuable Player of the 2001 National,1
"LONDON - Virgin Radio is to broadcast weekly chart rundowns using Napster online sales figures from August 29, beating BBC Radio One to the punch.",3
Bangladeshs trouser exports suffered significantly while Chinas more than doubled after its 2001 accession to the WTO. Bangladesh imports about 80 percent of its main raw material - fabrics.,2
"AP - Jordan Collins was the perfect complement to North Carolina State's outside shooting. With five players making 3-pointers, Collins did all his scoring from the paint, finishing with a career-high 17 points to help the 19th-ranked Wolfpack beat New Orleans 92-58 on Wednesday night in the first round of the BCA Invitational.",1
Sun Microsystems today posted a narrower quarterly loss as revenue rose year over year for the second consecutive quarter after three years of declines.,3
"Palestine #39;s legendary leader, Yasser Arafat, was taken to France for treatment yesterday. Arafat, who was reported to have leukemia, arrived yesterday at Percy Military Hospital near Paris via Jordan on a plane belonging to France.",0
A team from the International Atomic Energy Agency travels to South Korea to investigate secret nuclear experiments.,0
The tale of him caddying for a \$1 a day at Nadi Airport Golf Club in his native Fiji to becoming the PGA Tour #39;s first \$10 million man with a five-shot victory Sunday at the Chrysler Championship in Palm Harbor is utterly amazing.,1
"All those failed start-ups from the dot.com boom will nevertheless live on, because the University of Maryland and the Library of Congress (LC) see value in saving their records for posterity in a massive digital archive.",3
AP - Tokyo stocks opened higher Monday as investors welcomed the U.S. dollar's strength against the Japanese yen.,0
"Cities that try to set up their own broadband networks are facing staunch opposition from cable and phone companies, who see publicly funded fiber-optic networks as a threat to their own bottom line. By John Gartner.",3
Toshiba has announced a dual layered disc that will playback both HD-DVD and DVD formats strengthing its offering in the battle of the next generation DVD formats.,3
"The relationships we all have with those little pieces of matter, our pills, are becoming ridiculously tangled.",3
"Afghan interim President Hamid Karzai has been keeping on leading the ballot counting as he garnered 62.6 percent of the votes counted till Wednesday noon, Afghan election website said.",0
"Interpreters have long been the cogs in the wheel of international diplomacy. They make headlines only when they mess up, as when President Jimmy Carter's interpreter spoke of the Polish people's ""lusts for the future"" instead of their  ""desires"" for the future.  And even then, convention demands that interpreters  remain in the background, refraining from public comment.",0
"AP - A U.S. military review panel at Guantanamo Bay, Cuba, ordered 11 detainees to remain held as ""enemy combatants,"" an official said Tuesday.",0
Reuters - The dollar rose to a five-week high\against the yen on Thursday as rising oil prices hurt Asian\currencies and the market decided that U.S. interest rates were\still on a rising path.,2
"England captain David Beckham says he may retire from international soccer after the 2006 World Cup, media reported on Sunday. The 29-year-old has been named in Sven-Goran Eriksson #39;s",1
"The European Commission yesterday cut its growth forecast for 2005 and warned that nearly half of euro zone members were set to breach their own budget rules, as surging oil prices hit a fragile recovery.",2
"AFP - Defeated Democratic presidential candidate John Kerry has hinted that he could make another run for the White House in 2008, press reports said.",0
"com. AT amp;T Wireless announced a drop in sales and profits, as it moved closer to its planned acquisition by Cingular Wireless. The firm earned \$117 million on revenues of \$4.",2
"AP - The judge presiding over a massive pension suit against IBM, which could cost the company more than  #36;6.5 billion, agreed to a short delay while settlement talks continue.",3
"TOKYO (Reuters) - The dollar edged down against the euro on  Monday toward its lowest level in seven and a half months,  pressured after it fell through key technical levels on weak  U.S. economic data on Friday.",2
"AP - New ballpark or not, Mike Lowell is staying with the Florida Marlins. Lowell, who could have opted out of his contract because the team hasn't secured new stadium financing, agreed Friday to a revised deal in which the team guarantees the remaining  #36;25.5 million on his contract.",1
Workers evacuated Tuesday from the low-lying New Orleans plant where they have been scrambling to prepare external fuel tanks for the shuttles.,3
"Chinese authorities have between February and August of this year closed 1,600 Internet bars. In additional fines amounting to a total of 100 million yuan (9.",3
"AP - The Twentieth Century Fox studio, a veteran of the big screen and the TV screen, is about to break into an entirely new realm: the really little screen, the kind that comes on a cell phone.",3
"Some question whether it will be enough to quell the violence and worry about the impact of prolonged tours. Amid a spike in violence in Iraqi cities coinciding with the Fallujah offensive, the US military",0
"Dell on Monday said it had cut prices by as much as fifth for a range of products aimed at US corporate customers, as the computer maker passed along savings from cheaper components.",3
"AP - Doubts about holding Iraqi national elections on Jan. 30 produced an alliance few believed possible  #151; Sunni Arabs and Sunni Kurds united in calling for a delay. Less than 24 hours later, the alliance collapsed after Shiite Arabs made clear they would not accept any postponement.",0
"AP - No shots, no saves, no goals. The National Hockey League locked out its players, threatening to keep the sport off the ice for the entire 2004-05 season and perhaps beyond in an effort by management to gain massive economic change.",1
Security firm Secunia has warned that most Web browsers are vulnerable to a simple  quot;phishing quot; technique that could make fraudulent content appear genuine.,3
"Top seed Serena Williams battled her way into the China Open final yesterday, overcoming two service breaks to defeat Vera Zvonareva of Russia, 6-2, 6-3.",1
"Anglo-Dutch oil giant Royal Dutch/Shell and China Petroleum and Chemical Corp (Sinopec Group) have launched a US\$187-million service station joint venture, the companies said.",2
"NEW YORK (Reuters) - U.S. stocks rose on Friday, helped by  reassuring consumer confidence data and a bounce in technology  stocks, but volume was extremely thin before next week's  Republican convention in New York City.",2
Microsofts first search technology went live on Wednesday. The software giant claims that the preliminary or beta version of its MSN Search stands out from other search engines because it offers more,3
"CHAPEL HILL, NC -- Point guard Raymond Felton of North Carolina (No. 3 ESPN/USA Today, No. 4 AP) has been suspended one game for playing in an uncertified summer league game, the school announced Friday night.",1
WM Morrison shares shot up 15 per cent yesterday in spite of a deteriorating performance in the group #39;s core business and continued poor trading in the shops that came with this year #39;s Safeway acquisition.,2
"NEW YORK (Reuters) - Andre Agassi kept the ball rolling for  the older generation at the U.S. Open on Saturday by  demolishing Czech Jiri Novak 6-4, 6-2, 6-3 to reach the fourth  round.",1
"Spansion, the flash memory joint venture between Advanced Micro Devices and Fujitsu, unveiled two products that introduce a new design into Spansion #39;s lineup and expand the density of its current products, the company said Tuesday.",3
"SANTA CLARA, Calif., Oct. 18 /PRNewswire/ -- Good Technology, Inc., the industry standards-based leader in wireless messaging and corporate data access, announced today that Otis Spunkmeyer has selected the",3
"AMSTERDAM (Reuters) - Mobile phone users around the world  will spend \$1 billion a year on pornography sent to their  handsets by 2008, which may boost the wireless services sector  much as it fueled growth in the fixed-line Internet, a market  research firm said.",3
"LONDON (Reuters) - EMI Group PLC, the world's third-largest  music company, confirmed on Friday it faced a New York probe  into how music companies influence what songs are played on the  radio.",2
"Home appliance maker Whirlpool Corp. on Wednesday said third-quarter earnings fell, hurt by raw material cost increases and high oil prices, and guided its annual earnings estimate lower.",2
"Microsoft Corp. is investigating a reported vulnerability in its ASP.Net that could allow an attacker to bypass security features on a Web server and view sensitive content, the company said Thursday.",3
"Video game publisher Activision Inc. and Nielsen Entertainment, on Monday said they were collaborating to produce a measurement system for corporate advertisers to compare the reach",2
We look for the best bargain when we shop for a car or a new coat. But what if you could comparison-shop your prescription medication?,2
roundup Plus: Level 3 to buy Sprint's dial-up business...Cisco CEO's salary shoots up from \$1...SanDisk ups capacity on flash memory cards.,3
"PERTH, Australia -- Finland #39;s Marcus Gronholm holds the early lead after the first stage of the Rally of Australia. Double world champion Gronholm #39;s Peugeot was fastest around the 2.34km city circuit in the",1
"Clearly Apple hopes the halo of its iPod can be used to tempt consumers to invest in its computers, after sales of the iPod earlier this year overtook those of its supposedly staple desktops and laptops.",3
"BANGKOK, Thailand Sept. 15, 2004 - Thailand, faced with a second outbreak of bird flu, said Wednesday its poultry would not be inoculated against the disease because vaccines offer no guarantee of safety.",0
"At first glance, East Lake Golf Club appears to present a cute little par 4 of a finishing hole. Only thing is, the 18th is really a par-3 monster, one that stretches to a whopping 235 yards.",1
"Game invites users to play the role of JFK's assassin, causing some observers to wonder whether video games have gone too far.",3
"Rashard Lewis brought his game at both ends, scoring 23 points and blocking five shots, leading the Seattle SuperSonics to a 106-85 win over the Atlanta Hawks on Friday night.",1
"The Samsung SCH-S250 5-megapixel camera phone will enable users to take photos as good as those taken with a mid-range digital camera, Samsung says.",3
"AP - Yahoo Inc. appeared to move a step closer to challenging Google Inc. in searchable Web mail, acquiring the startup behind the powerful e-mail application Bloomba.",3
"AP - When he steps up to accept his party's nomination for a second time, President Bush will present the record of not one but two presidencies: one before and another after Sept. 11, 2001.",0
"Travis Garrison scores 20 points, and Maryland overcomes a lackluster first half to beat Bryant College 100-85 in an exhibition game.",1
"NewsFactor - Businesses preparing to implement Windows XP SP2 should brace themselves for problems impacting a significant number of their Windows XP machines, according to research conducted by I.T. infrastructure management firm AssetMetrix.",3
"AP - Two University of Wyoming researchers are working on developing a test to diagnose altitude sickness in cattle. Cattle under a year old are especially susceptible to altitude sickness above 5,000 feet. But the condition, called brisket, can only be diagnosed by inserting a probe into the jugular vein and measuring blood pressure in the heart and lung.",3
"Nokia, the world #39;s largest mobile phone maker, took legal action earlier this week against two European manufacturers for allegedly infringing on technology patents and registered designs.",3
SINGAPORE: Oil prices held steady yesterday near seven-week lows on forecasts of colder-than-normal weather in the US northeast.,2
"NEW DELHI: All-rounder Rohan Gavaskar will replace an injured Sachin Tendulkar in Indias squad for next weeks Champions Trophy in England, an Indian cricket board official announced on Saturday.",1
"Reuters - Libya, which last year renounced its\nuclear weapons program, Monday urged Iran to follow suit and\comply with the demands of the U.N. nuclear watchdog to stop\enriching uranium which can be used to make atomic bombs.",0
"Indian Prime Minister Manmohan Singh has announced that the number of troops in insurgency-hit Kashmir will be reduced this winter in view of an  quot;improvement quot; there, a statement said.",0
"VATICAN CITY -- Pope John Paul II, seeking to heal rifts with other Christians, yesterday handed over the relics of two Orthodox saints that were brought to Rome from ancient Constantinople centuries ago.",0
The tour is going ahead after a ban on several British journalists was lifted but the first of five one-day matches had to be called off.,1
"Neither Miami (Fla.) nor Florida State, nor the Orange Bowl for that matter, wanted the matchup that ensued last New Year #39;s night.",1
Houston - Kenyon Martin and Marcus Camby were dunking. Nuggets guard Andre Miller was leading the fast break and nailing jumpers. The Houston Rockets were getting soundly beaten.,1
BT on Monday struck a deal with Research In Motion to market RIM #39;s BlackBerry mobile e-mail and personal information management system in Europe.,3
"FOXBOROUGH -- Hello, Mike Mularkey. Welcome to opportunity. Watch that game film of New England-St. Louis last week?",1
Inter Milan beat Anderlecht 3-1 away to open a three-point lead in Champions League Group G on Wednesday. Obafemi Martins put Inter ahead in the ninth minute when he turned in a low left cross from fellow striker Adriano.,1
"NEW YORK New mega-millionaire Juan Rodriguez hasn #39;t quit his job at a Manhattan parking garage -- at least, not yet. Rodriguez won the 149 (M) million dollar Mega Millions lottery jackpot.",2
"Starkville, MS (Sports Network) - Mississippi State quarterback Omarr Conner is expected to miss at least three weeks after spraining a ligament in his right knee during Saturday #39;s 51-0 drubbing to LSU.",1
"TORONTO (CP) - Carlos Delgado says he is leaving Toronto with no grudges, although the first baseman doesn #39;t think the Blue Jays did all they could to re-sign him.",1
"(Athens, Greece-AP) Aug. 23, 2004 - It appears the Court of Arbitration for Sport might not hear South Korea #39;s appeal of the gymnastics gold medal.",1
South Africa has rejected charges that it is allowing ousted Haitian leader Jean-Bertrand Aristide to organize violence in the Caribbean country while he stays in South Africa.,0
The San Francisco Giants need Jason Schmidt to bounce back from his recent struggles as they try to catch the slumping Los Angeles Dodgers in the NL West and hold off the Chicago Cubs in the wild-card race.,1
"Just as US national soccer team coach Bruce Arena had predicted many months ago, the semifinal round of qualifying for the 2006 World Cup has been riddled with treacherous road trips and perplexing",1
"Starbucks Corp. (SBUX.O: Quote, Profile, Research) said on Monday it now owns 100 percent of its German operations after buying KarstadtQuelle AG #39;s (KARG.",2
NEW YORK (CBS.MW) -- DreamWorks Animation traded about 30 percent above its increased offering price as the creator of the hugely successful  quot;Shrek quot; movies drew a warm reception on Wall Street on Thursday.,2
"Moscow - Russia plans to combine Gazprom, the world #39;s biggest natural gas producer, with state-owned oil producer Rosneft, easing rules for trading Gazprom shares and creating a company that may dominate the country #39;s energy industry.",2
"Intel will work with Clearwire, a wireless internet service provider, on future networks based on WiMax wireless broadband technology.",3
"NewsFactor - On Thursday, Microsoft's (Nasdaq: MSFT) MSN division launched a beta version of a search engine that appears designed to compete directly with Web search leader Google.",3
AP - Here's how well things are going at Southern California: Coach Pete Carroll is worried about ball security even though his top-ranked Trojans are tied for second nationally in turnover margin.,1
CHICAGO (Reuters) - Treasuries prices fell on Thursday  after results of an auction of U.S. government debt were weaker  than expected and drew almost no private demand.,2
"BAGHDAD, Iraq - A U.S. airstrike targeting an alleged militant safehouse in Fallujah killed some 17 people including three children, according to doctors and accounts from the scene of the blast, and angry crowds gathered to mourn the victims and denounce the United States...",0
"LOS ANGELES - ""The Sopranos"" finally whacked its competitors in the best drama category at the Emmy Awards, and a comedy series victory for ratings-starved ""Arrested Development"" proved SOMEBODY was watching - but it was HBO and its record-breaking ""Angels in America"" that fluttered away with the most trophies.    HBO's megahit about a New Jersey mob family collected the best drama Emmy on its fifth try Sunday, and the channel's ""Sex and the City"" and ""Angels in America"" helped cable overshadow the traditional networks...",0
"When Morris Chang, the founder of the Taiwan Semiconductor Manufacturing Company, speaks of the future of the chip business, he sounds somber.",2
"Tracy McGrady is more than willing to trade individual statistics for victories with Yao Ming and the Houston Rockets.  quot;I #39;m really not concerned about that, quot; McGrady said Wednesday.",1
"MELBOURNE (Dow Jones)--Swiss-based Xstrata Plc (XTA.LN) Thursday put WMC Resources Ltd. (WMR.AU) in play, offering A\$7.4 billion for the Australian miner that represents the start of a long bidding war.",2
"A new chipset offers high-end features for less cash, an effort to spark PC makers to update their low-price offerings.",3
"At Baltimore pow-wow, hype over new electronic tracking technology is tempered by concerns about cost, privacy and quality.",3
FIFA will hold an investigation and demand answers from the Spanish Football Federation after home fans hurled racist abuse at England #39;s black players in the friendly international between the two countries in Madrid last night.,1
Texas Instruments says it has developed a computer chip that will let television fans watch their favorite shows on cellular phones.,3
Our position is: Anthem #39;s ability to move forward with merger is an important victory for Indiana #39;s economy. Thanks to California Insurance Commissioner John Garamendi #39;s decision to finally relent and approve,2
"COLUMBUS - Penn State coach Joe Paterno has had his share of second-guessers of late. And after a 21-10 loss to Ohio State, he added his name to the list.",1
Matthew Pinsent won his fourth successive Olympic gold medal amid tears of joy and relief yesterday as the British coxless four beat Canada in one of the closest rowing finals ever.,1
"Retail sales dropped 0.3 percent in August, led by a decline in automotive purchases, after climbing 0.8 percent in July, the Commerce Department said.",2
THOUSANDS of pensioners and people on benefits have been hit by a massive computer failure at the Department for Work and Pensions.,3
"ASTANA (Reuters) - Russia on Wednesday curtly rejected U.S.  criticism of sweeping political changes proposed by President  Vladimir Putin, telling Washington to stay out of its business.",0
"Athens -- If there is a more obscure Olympic 100-meter champion than Yuliya Nesterenko, let her step forward and identify herself.",1
"Reuters - Five key states in the U.S.\presidential election lost 37,800 jobs in September, offsetting\the gains posted by other states considered critical in the\election now 11 days away.",2
"AFP - Buddhists from around the world will gather in revolt-hit Nepal this month to consider ways to promote Buddha's birthplace, Lumbini in the country's southwest, as a  quot;world peace city. quot;",0
"Michael Phelps has proven he is the best swimmer ever -- in and out of the pool. Yesterday, the 6-ft. 5-in. 19-year-old from Baltimore won his sixth gold medal to add to his two bronze, making him the swimmer",1
AFP - Democratic White House hopeful John Kerry's campaign has formally alleged that a group attacking his Vietnam war record had illegal ties to US President George W. Bush's re-election bid.,0
"To most weary shoppers, it #39;s known as Black Friday, the semiofficial start of the holiday retail season. But to hundreds of regional residents and countless others worldwide",2
"NEW YORK (Reuters) - The dollar tumbled against the euro on  Wednesday, as traders shrugged off the surge in U.S. consumer  prices in October and focused more on the upcoming G20 finance  minister's meeting in Berlin starting from Friday.",2
"Such unwanted pitches will continue to clog your e-mail inbox, computer and legal experts say, despite a Virginia jury #39;s decision this week that a Raleigh man who anonymously sent bulk e-mail messages committed a felony.",3
"Rocky Mountain vacation resorts said their advance ski season sales are up from a year ago, while Texas retailers reported a recent run on high-definition televisions.",2
"Johannesburg, 12 October 2004 - International consumer law enforcers from 29 countries were yesterday urged to work together to combat the growing threat of spam.",3
"IBM #39;S Blue Gene supercomputer, which is still being installed at Lawrence Livermore National Laboratory, has set an unofficial performance record.",3
"DAVE Norman, the Sydney police constable who rushed to Jakarta to be with his critically injured daughter Manny Musu, underwent a DNA test to prove he is her biological father.",0
"SBC Communications (SBC) will cut 10,000 jobs from its workforce through the end of 2005 using attrition and involuntary cuts, the company said in a filing with US market regulators on Friday.",2
"Player Paulo de Oliveira,  quot;Serginho, quot; of Brazilian First Division club Sao Caetano, Wednesdaynight died of a heart attack during the second half of a match against Sao Paulo",1
"The nation's first law aimed at curtailing junk e-mail earned a mixed report card after a year on the books as few spammers faced legal action and recent surveys showed that spam makes up an even larger proportion of online messages. &lt;FONT face=""verdana,MS Sans Serif,arial,helvetica"" size=""-2"" color=""#666666""&gt;&lt;B&gt;-washingtonpost.com&lt;/B&gt;&lt;/FONT&gt;",3
"This movie taken by the Cassini spacecraft shows the surface and atmosphere of Saturn #39;s moon Titan over a range of infrared wavelengths, from .",3
"Tobacco company Reynolds American Inc., reporting earnings for the first time since the combination of RJ Reynolds and the US operations of Brown  amp; Williamson Tobacco, on Monday",2
COLONEL Muammar Gaddafi is being accused by Palestinians of unfairly trying to help a Libyan contestant win the Middle East #39; s answer to the TV talent show Idols.,0
A third generation of Siberian tigers are the youngest to be tracked with transmitters by conservationists.,0
"INDIANAPOLIS, Nov. 10 (Ticker) -- The Indiana Pacers were looking for a first. The Los Angeles Clippers accomplished one. Elton Brand had 19 points and a season-high 16 rebounds as the Clippers pounded the Pacers, 102-68.",1
New Blackburn Rovers manager Mark Hughes got a foretaste of the task facing him after the Premier League strugglers went out on penalties to third division Bournemouth in the League Cup on Wednesday.,1
Reuters - Britain and South Africa\called jointly Thursday for Zimbabwe to establish a conducive\environment for fair elections next year -- after the main\opposition party said it would boycott them.,0
Reuters - UAL Corp.'s (UALAQ.OB) United Airlines\on Friday said it has agreed with its creditors committee to a\30-day extension on the period in which it can file an\exclusive bankruptcy reorganization plan.,2
SINGAPORE (Reuters) - Oil prices held firm on Friday after  leaping almost \$2 a day earlier on news U.S. crude stocks sank  to a five-month low last week and distillate fuels barely grew  ahead of winter.,2
"South Korea will pick its first two astronauts next year for a space trip by 2007, the science ministry said Sunday, after Russia agreed to help the country #39;s space program.",3
"Reports that the British Grand Prix has been dumped from next year #39;s Formula 1 World Championship are a little premature, although that #39;s not to say it won #39;t happen.",1
"HJ Heinz Co., the maker of ketchup and other foods, reported its first-quarter earnings fell 9 percent from results a year ago when its profits were boosted by the sale of some of its businesses to Del Monte.",2
"The Patriots worked out former Super Bowl MVP Dexter Jackson Monday, according to the NFL's daily personnel notice, but by last night the safety had agreed to terms with his former team, the Tampa Bay Buccaneers.",1
"AP - The Food and Drug Administration has given a whistle-blower scientist permission to publish data indicating that as many as 139,000 people had heart attacks that may be linked to Vioxx, the scientist's lawyer said Monday.",0
"BERLIN : German Chancellor Gerhard Schroeder #39;s party vowed to press on with its tough economic reform drive, despite a fresh state election rout that spells trouble for a string of further polls this month.",0
"THE public still did not appreciate how frighteningly dangerous crocodiles were, even after the fatal mauling of a German tourist two years ago, a coroner said today.",0
UK police have arrested a man on suspicion of stealing source code from networking giant Cisco. The 20 year-old was arrested following Metropolitan Police Computer Crime Unit raids in Manchester and Derbyshire on 3 September.\,3
LAHORE: Australia has officially pulled out of the Champions Trophy hockey tournament being played here from December 4-12 on security fears.,1
"Political parties are seen as the institutions most afflicted by corruption, according to a survey released by a non-governmental organization that monitors corruption.",0
"TOKYO (Reuters) - Japan's financial regulator may suspend  or even end some private banking operations at the Japanese  commercial banking unit of U.S. financial services firm  Citigroup Inc. due to lost customer data and questionable  securities transactions, local media said on Thursday.",2
AFP - UN chief Kofi Annan's special envoy to Sudan urged the Sudanese government to accept international aid if it is unable to protect the population in its troubled Darfur region.,0
"FORMER world No.1 Andy Roddick today leapt to the defence of Paris Masters no-shows Roger Federer and Andre Agassi. Officials are furious with Agassi #39;s last minute withdrawal, arguing that the lucrative nine",1
"She sees Xerox becoming more of an information-services firm. Observers are skeptical, but Mulcahy says she #39;ll buy consultancies if necessary.",3
"Ona giant H amp;M billboard at 31st Street and 10th Avenue in Manhattan, Karl Lagerfeld looms like a stern Inquisitor, wearing a black frock coat, white collar, dark glasses and an expression",2
"Brown-Forman Corp. (BFb.N: Quote, Profile, Research) , which sells products ranging from Jack Daniels whiskey to Lenox china, on Thursday posted a better-than-expected 67 percent jump",2
"While keeping the interest rates unchanged, RBI has reduced the GDP forecast for financial year 2005 from 6.5 per cent to 7 per cent.",2
"China #39;s efforts to slow economic growth by reining in investment in industries such as steel and cement were working, said vice-premier Huang Ju, suggesting further measures, such as an interest rate rise, might be unnecessary.",2
"BAGHDAD (Reuters) - A loud explosion rocked a cafe  frequented by Iraqi police near the Australian embassy in  Baghdad on Sunday, witnesses said.",0
"The country #39;s grain exporter has been busy again, selling its stake of almost 15 per cent in Elders #39; parent company, Futuris.",2
"The pace of job creation picked up modestly in August and the unemployment rate edged down, the Labor Dept. said.",2
Northrop Grumman and Boeing said yesterday they will bid as a team to compete for NASA #39;s planned manned and robotic space-exploration program.,2
"Chennai, Dec.9: An alert for a data-stealing Trojan horse programme that installs itself on computers by offering to fight spam has been sounded on the Internet, the New Scientist news service reported today.",3
"GAZA (Reuters) - Palestinian leader Mahmoud Abbas said in a  presidential campaign speech Monday he would never take up arms  against militant groups whose dismantlement is part of a  U.S.-sponsored peace ""road map.""",0
"Massachusetts no longer has to worry about the Curse of the Bambino plaguing the Red Sox, but the Curse of the Big Dig, that never-ending Boston highway project, is still much alive.",2
German Finance Minister Hans Eichel said on Saturday that the Paris Club had reached a framework agreement to forgive 80 percent of Iraqi debt.,0
"PHILADELPHIA - The US economy is on course for sustainable expansion with little danger of inflationary pressure building, Federal Reserve Bank of Philadelphia President Anthony Santomero said on Monday.",2
Microsoft Corp. MSFT.O and cable television provider Comcast Corp. CMCSA.O said on Monday that they would begin deploying set-top boxes powered by Microsoft software starting next week.,2
ISLAMABAD : Kashmiri political leaders as well as militant commanders are expressing mix reaction over the Indian Prime Minister Manmohans Singh statement regarding reduction in troops in Indian administrated Kashmir.,0
"AP - President Bush on Saturday ridiculed what he called the ""Kerry doctrine"" as a dangerous outsourcing of America's security, seeking to poke a hole in Sen. John Kerry's debate performance with what advisers see as his rival's biggest miscue.",0
"ATLANTA (Sports Network) - The Atlanta Braves have acquired  standout righthander Tim Hudson from the Oakland Athletics in  exchange for outfielder Charles Thomas, right-handed pitcher  Juan Cruz and left-handed pitcher Dan Meyer.",1
"In his first major quarterback decision of the season, Dave Wannstedt went for the safe choice. On Sunday, the Miami Dolphins coach went for the obvious one.",1
"British Airways Plc, Europe #39;s second- biggest airline, reached a pay accord with unions, averting a strike planned for the Aug. 27-30 holiday weekend by 11,000 baggage handlers and check-in staff.",2
"Back in Dallas, Steve Nash deftly ran the Phoenix offense and set up his new teammates with one smooth pass after another. Kevin Garnett kept the ball in his own hands, outclassing Shaquille O #39;Neal all night.",1
"BAZARAK, Afghanistan&lt;br&gt;Like virtually every adult in this Panjshir Valley village, Rahmal Beg registered to vote weeks ago. Indeed, popular enthusiasm is so high for the Oct. 9 presidential election -- the first in Afghan history -- that thousands of people in the valley have reportedly...",0
Stuart Appleby #39;s golf game was a notch away from its best and that was the difference between winning and finishing second at the Australian Open golf tournament here yesterday.,1
AP - Linebacker Lofa Tatupu believed in his ability to play big-time football when few others did.,1
"SAN FRANCISCO - Just when the Miami Dolphins thought they were done talking about Ricky Williams, news of the wayward running backs imminent return to the NFL put him back in his former teammates thoughts Wednesday.",1
Vodafone has confirmed that it will launch its 3G service in the UK in November. The announcement came hot on the heals of the operators announcement of the handsets it will be making available for the launch.,3
"Los Angeles, CA (Sports Network) - Tim Duncan had 26 points and 16 rebounds to lead the San Antonio Spurs past the Los Angeles Lakers, 105-96.",1
Venture capitalists have a pressing new question for high-tech entrepreneurs who come looking for money: What's your India plan?,2
Europe and the United States reached an 11th-hour compromise late last night at the UN climate change conference in Buenos Aires. The two sides were locked in disagreement on future efforts to reduce harmful,0
"WASHINGTON (Reuters) - A former Fannie Mae &lt;A HREF=""http://www.investor.reuters.com/FullQuote.aspx?ticker=FNM.N target=/stocks/quickinfo/fullquote""&gt;FNM.N&lt;/A&gt; employee  who gave U.S. officials information about what he saw as  accounting irregularities will not testify as planned before a  congressional hearing next week, a House committee said on  Friday.",2
"Mozilla browser is less complete than Internet Explorer but is much more than just an anti-Microsoft statement. Is computing not making the progress it used to, or did I just read a story",3
Shares in the UK #39;s largest insurance broker Jardine Lloyd Thompson (JLT) have taken a tumble after the firm issued a profits warning.,2
"Chone Figgins and Troy Percival saved the Anaheim Angels, and gave them a little boost in the West race.",1
"Russian Mikhail Youzhny upset sixth seed Paradorn Srichaphan 6-4 6-4 on Saturday to reach the final of the China Open. Fifth seed Marat Safin, also from Russia, faces Jarkko Nieminen",1
"TUSCALOOSA, Ala. (Sports Network) - Jason Campbell passed for 224 yards and a touchdown, Courtney Taylor caught four passes for 89 yards and a score, and No.",1
"com October 21, 2004, 7:42 AM PT. This priority retains its ranking at number five as more and more companies deploy Web Services to share business logic, data and processes with each other and with clients.",3
"Microsoft has purchased Giant Company Software of New York, which makes software to detect a common form of malicious software programs known as  quot;spyware, quot; the software giant says.",3
"With help of longtime partner, German software maker dips toe in market it had downplayed.",3
A senior official of an Egyptian mobile phone company says he does not think the abduction of two of the company #39;s employees in Baghdad last night was an act of political terrorism.,0
"Microsoft Corp. MSFT.O is making a renewed push this week to get its software into living rooms with the launch of a new version of its Windows XP Media Center, a personal",3
"PRINCE Harry has been cleared of cheating to obtain his art A-level pass, despite a secret tape recording in which he allegedly admitted he did only  #39;a tiny, tiny bit #39; of the course work he submitted for the examination.",0
Witnesses say the attackers surrounded Brigadier-General Mohammad al-Batrawi #39;s car and forced him to drive off. Brigadier Batrawi is head of the financial surveillance department of the Palestinian security forces.,0
"Depending on how investors behave, the dollar's downward drift could cast anything from a benign breeze to a hurricane.",0
Hewlett-Packard Co. on Friday announced that it has completed its\$293 million acquisition of UK-based IT services company Synstar PLC.,3
"It #39;s official: US Open had never gone into the third round with only two American men, including the defending champion, Andy Roddick.",1
"On September 28, 2004, Standard  amp; Poor #39;s Ratings Services lowered its ratings on regional Bell operating companies (RBOCs) BellSouth (BLS ) and SBC Communications (SBC ) and their jointly-owned affiliate, Cingular Wireless.",2
"The NBA suspended four players indefinitely yesterday for their involvement in one of the worst fights in professional sports history Friday, in which players stormed into the stands and exchanged blows with fans.",1
"With 99 percent of the votes still to be counted in Afghanistan #39;s presidential election, incumbent Hamid Karzai had taken a lead that many observers expect him to retain right to the end of a marathon count.",0
"Insurance Commissioner John Garamendi dropped his objection to Anthem Inc. #39;s purchase of WellPoint Health Networks Inc. after the companies agreed to spend \$265 million, more than double their previous commitment",2
"IBM said Monday that it won a 500 million (AUD\$1.25 billion), seven-year services contract to help move UK bank Lloyds TBS from its traditional voice infrastructure to a converged voice and data network.",3
"Reuters - The initial public offering of\Internet search engine Google Inc. (GOOG.O) was billed as a\bonanza for millions of U.S. investors -- but the little guy,\with check in hand, was left out of the party.",2
"Reuters - California should try to add\solar energy systems to 1 million homes by 2017 to save\electricity and cut pollution from power plants, Gov. Arnold\Schwarzenegger said on Friday.",3
"World News: Colombo, Nov 27 : Tamil Tigers chief Velupillai Prabhakaran was Saturday dubbed a Hitler by an aide-turned-foe who called for an Indian role in Sri Lanka #39;s fumbling peace process.",0
"David Gardner launches our Foolanthropy campaign for 2004."" /&gt;  &lt;meta name=""keywords"" content=""Foolanthropy Charity giving donate"" /&gt;  &lt;meta name=""tickers"" content="""" /&gt;  &lt;meta name=""date"" content=""2004-10-15T15:33-04:00"" /&gt;  &lt;meta name=""language"" content=""en-us"" /&gt;  &lt;meta name=""author"" content=""David Gardner"" /&gt;  &lt;meta name=""STORY_UID"" content=""/USMF_Content/datasource/production2003/2004/foolanthropy/2004/foolanthropy041015.xml"" /&gt;  &lt;meta name=""expiration"" content=""Date  12 months"" /&gt;  &lt;meta name=""articletype"" content=""Foolanthropy"" /&gt;  &lt;meta name=""contenttype"" content=""a"" /&gt;   &lt;title&gt;Fool.com: \$2,137,000 and Counting Foolanthropy&lt;/title&gt;    &lt;link rel=""stylesheet"" type=""text/css"" href=""http://g.fool.com/includes/css/ie4.css"" title=""ie4"" /&gt;    &lt;META Name=""ArticleDate"" Content=""2004/10/15",2
Minnesota Timberwolves center Michael Olowokandi was arrested early yesterday after police used a stun gun to subdue him when he refused to leave an Indianapolis club.,1
"Nvidia will supply the graphics chip for the successor to the PlayStation 2 games console being developed by Sony Computer Entertainment (SCEI), the companies announced on Tuesday.",3
"Mayor Anthony A. Williams isn #39;t giving up on Major League Baseball in Washington, saying Thursday that District of Columbia officials are working hard behind the scenes to get an acceptable deal done by the Dec.",1
"Iraqi kidnappers have beheaded a British man who was seized last month, his family said yesterday, ending what one relative called  #39; #39;three long weeks of agony.",0
"Hong Kong Financial Secretary Henry Tang said he believed Hong Kong has walked out of the consumer price deflation cycle that lingered for 68 months, according to the consumer price index trend in the past few years.",2
"A man charged in one of the largest identity theft scams in U.S. history pleaded guilty to charges of conspiracy, wire fraud, and fraud in connection with identity documents Tuesday and could face up to 50 years in prison, according to a statement from U.S. Attorney David Kelley, of the Southern District of New York.",3
The dollar sank Monday to within half a cent of last week #39;s record low against the euro after a weekend meeting of world finance chiefs ended with no agreement to stem the greenback #39;s decline.,2
The move comes as the company tries to win back choosy high street customers amid fierce competition from the likes of Next and supermarket chain Asda.,2
"Opinion: In its initial rejection of Microsoft #39;s claims regarding the FAT file system, the US Patent and Trademark Office seems to be rediscovering a law barring  quot;obvious quot; patents.",3
"For the Patriots this weekend, it's back to Cleveland, where Bill Belichick and Scott Pioli first got together years ago.",1
Legislation introduced in the Senate to implement 9/11 Commission recommendations would create an executive-level board to investigate and advise on civil liberties and privacy issues. President Bush recently created a similar board with fewer powers. By Ryan Singel.,3
"JERUSALEM (Reuters) - U.S. troops from Iraq are being  trained by the Israeli army in urban and guerrilla warfare  tactics at a military base in Israel, a local newspaper said on  Wednesday.",0
"Industry watchers don #39;t expect any trouble from regulators or competitors when it comes to the proposed Sprint (Quote, Chart) Nextel (Quote, Chart) merger.",2
"NEW YORK (Reuters) - Best Buy Co. Inc. &lt;A HREF=""http://www.investor.reuters.com/FullQuote.aspx?ticker=BBY.N target=/stocks/quickinfo/fullquote""&gt;BBY.N&lt;/A&gt;, the top  U.S. electronics retail chain, on Wednesday posted a 21 percent  rise in quarterly profit and said it gained market share in the  period.",2
Nick Heidfeld has declared himself happy with his first outing for Williams and in fact the team was also so impressed that they #39;ve invited him back for a second trial.,1
Diplomats from a number of islands in the South Pacific are reported to be pressing the Government to reverse a decision to block all phone calls made to the islands.,3
Tara VanDerveer stepped to the dais at the Pacific-10 Conference women #39;s basketball media day Tuesday and was asked to make an opening comment.,1
"Organizers in Amstelveen, the Netherlands have called off the cricket match between Australia and Pakistan after heavy rain overnight soaked the pitch.",1
"JERUSALEM - A senior Palestinian official called reports of a Mideast peace agreement premature, but said Israelis and Palestinians have agreed on the logistics of the upcoming elections to replace Yasser Arafat.",0
"Java junkies must often journey more than two blocks to find a Starbucks, which the company sees as a problem, its chief executive said on Thursday.",3
A couple hundred people rallied outside the US Department of Labor here yesterday to protest the Bush administration #39;s sweeping changes to overtime rules that opponents say could,2
"OSCOW, Sept. 2- World oil prices rose on Thursday after Russia #39;s largest oil producer, Yukos, said a court ruling  quot;paralyzes #39; #39; the company #39;s operations.",2
"Search Engines Fueling Online Music Retailers\\Search engines are fueling the online hip-hop, rock, country and polka industries according to a new Hitwise study. 30.4 percent of U.S. visits to music retail Web sites in July 2004 resulted directly from search-engines and directories. According to a new report from Hitwise, an ...",3
AFP - Nepal's tourism ministry has upheld a claim by mountaineer Pemba Dorji Sherpa that he had scaled Everest in a record time of eight hours and 10 minutes on May 21.,0
The choice of Alberto R. Gonzales as attorney general may be part of a strategy to bolster his credentials with conservatives.,0
"Reuters - Japan's Canon Inc. said on Thursday\it had found problems with equipment for making liquid crystal\displays (LCDs), boosting shares in LG.Philips and other LCD\makers as fears of a supply glut eased.",2
It #39;s a sad reflection on the pace of modern life that many in football have already lost sight of Brian Clough #39;s achievements.,1
SunTrust Banks said yesterday that it had fired its chief credit officer and two other executives after finding numerous errors in calculating how much to set aside for bad loans.,2
"TOKYO (Reuters) - Japanese shares reversed opening gains to  fall 0.69 percent by midsession on Wednesday after early buying  of exporters, inspired by a rise on Wall Street after an  increase in U.S. interest rates, ran out of steam.",2
Philippines leader Gloria Arroyo aims to strengthen economic ties with China during a visit to Beijing.,0
"The Cassini flyby of Titan sent back the most detailed surface images, but the 1000 kilometer cloud formation near the south pole has scientists stumped.",3
NEW YORK: Pakistan President General Pervez Musharraf has ruled out any talks regarding the re-adjustment of the Line of Control in Kashmir.,0
"AP - European defense companies know they must unite to keep up, as the gap in military spending between the United States and its NATO allies continues to widen. But a push to consolidate Europe's fragmented shipbuilding sector  #151; a minefield of national, corporate and labor sensitivities  #151; is proving slow and difficult.",0
"CBC SPORTS ONLINE - The Boston Celtics added a healthy Tom Gugliotta and deleted injured Delonte West. Gugliotta, 34, was activated Wednesday from the injured list after missing seven games because of lower back pain.",1
Microsoft has issued a software tool that scans users #39; computers to help them find software that may be affected by a recently discovered vulnerability in the way many Windows programs process JPEG files.,3
"Thousands of striking casino-hotel workers reached a tentative contract agreement that signals an end to a bitter, month-old walkout - the longest in Atlantic City casino history.",2
PC World - Final version is expected this month; software will compete with Outlook express.,3
"AP - CBS got the bill Wednesday for Janet Jackson's eye-catching flash dance during the Super Bowl halftime show: a record  #36;550,000.",1
"If playing for one of college hockey's most storied programs wasn't enticing enough for potential recruits, Boston University's new \$97 million Harry Agganis Arena should do the trick.",1
England captain David Beckham hopes to reach 100 caps for his country and play on beyond the World Cup in Germany in 2006. The Real Madrid star was reported to be considering retirement after that tournament,1
p2pnet.net News:- Melodeo and Warner Music Group (WMG) say theyve signed the first global agreement to allow mobile users to securely download complete mp3s from WMG #39;s music catalog directly to their phones.,3
"Other running backs were ranked higher than Julius Jones in last April's draft and the Cowboys took heat for trading down and taking him. Now, minds are changing.",1
"22 August 2004 -- The US-led coalition forces said that troops fired on a truck that attempted to run through a joint Afghan National Army and coalition checkpoint near Ghazni, killing three and wounding two others.",0
"Organizations representing 60,000 United Nations employees are urging Secretary-General Kofi Annan to pull all UN staff out of Iraq.",0
Officials yesterday sought international help to rebuild villages ravaged by back-to-back storms that left 566 persons dead and 546 missing in mostly poor northern agricultural regions.,0
"Home improvement retailer Lowe #39;s Cos. (LOW.N: Quote, Profile, Research) on Tuesday said it expects diluted earnings per share to rise in both 2005 and 2006 as it benefits from increased remodeling and home ownership.",2
The Indian tour of Bangladesh will go ahead after the national foreign ministry gave their stamp of approval after a thorough security assessment.,1
LONDON (Reuters) - Britain's royal family went on the  attack on Thursday after lawyers for one of Prince Harry's  former schoolteachers gave a court a secret tape they said  shows she helped him cheat on exams.,0
"SEATTLE -- For David Ortiz , the wonder may be that he has produced as well as he has since he injured his right shoulder diving awkwardly trying unsuccessfully to score Aug. 29 against the Tigers at Fenway Park. Ortiz started yesterday's 2-0 loss to the Mariners on the bench because of nagging soreness in the shoulder. He said he ...",1
"BusinessWeek Online - Europe has long been an innovation leader. Centuries ago, Johannes Gutenberg  revolutionized practically everything with his technological marvel, the printing press. Europe's modern-day innovators have changed how we work and play with inventions such as compact disks, the World Wide Web, and the Linux operating system. Today, engineers at Airbus are pushing the envelope with the world's biggest commercial aircraft, the 600-seat, double-decker A380 superjumbo. ...",3
"AFP - Former president Alberto Fujimori, who is in exile in Japan, headed a  quot;criminal organization quot; that murdered 25 people in the early 1990s, the Peruvian Foreign Ministry told Japan in support of an extradition request against Fujimori.",0
"CRAWFORD, Texas As President Bush sees it,  quot;the only good deal is one that #39;s verifiable. quot;. He #39;s applauding the efforts of some European countries to get Iran to honor its commitment to refrain from developing nuclear weapons.",0
"Last spring, Kris Thorsness got to thinking about her former teammates on the 1984 US Olympic gold-medal winning rowing team. When the team got together before those Games, they put on skits  quot;to break the tension, quot; and Thorsness remembered that the skit she was involved in was about a 20-year reunion. Why not bring it to life? she figured.",1
NEW YORK -- A federal judge Tuesday delayed the trial of former WorldCom chief Bernard Ebbers until Jan. 17. The trial had been set to start Nov. 9. US District Court Judge Barbara Jones also denied Ebbers,2
A former advisor to the South Africa's deputy president pleads not guilty to charges of fraud and corruption.,0
"Washington Redskins kicker John Hall strained his right groin during practice Thursday, his third leg injury of the season. Hall will be held out of practice Friday and is questionable for Sunday #39;s game against the Chicago Bears.",1
"quot;Halo 2 quot; is unquestionably the most eagerly anticipated video game of 2004. But that may be a bit of an understatement. Its predecessor became a religion, a staple to what seems like 99 percent of dorm room gamers.",3
"Russia #39;s once mighty armed forces are riddled with Clockwork Orange-style sadism where senior soldiers subject their junior colleagues to vicious beatings, torture, sexual violence and death threats, a report claimed yesterday.",0
"Shares in Vodafone Group Plc, the world #39;s largest mobile-phone operator, dropped after The Wall Street Journal said the company is considering bidding with US partner Verizon Communications Inc.",2
Air France and KLM ticket prices are to rise after the carriers imposed further surcharges to counter high fuel costs.,2
"CHICAGO (Reuters) - Shares of Medtronic Inc. &lt;A HREF=""http://www.investor.reuters.com/FullQuote.aspx?ticker=MDT.N target=/stocks/quickinfo/fullquote""&gt;MDT.N&lt;/A&gt; fell  on Thursday as the company's fiscal first-quarter results,  released after the market closed on Wednesday, failed to  inspire investors.",2
"WASHINGTON, Oct 1 (AFP) - US Navy Secretary Gordon England said Friday that an allegation of torture by a detainee at a military prison in Guantanamo Bay, Cuba will be investigated.",0
"Japan #39;s Foreign Minister Nobutaka Machimura has urged Islamic militants in Iraq to release a Japanese hostage, in an interview with the Arabic satellite network Al-Jazeera.",0
"Profits are up, but recently, a number of for-profit colleges have faced inquiries concerning the way they pursue federal funds.",2
"AP - Historians criticized Arnold Schwarzenegger for telling the Republican National Convention that he left a ""socialist"" country when he moved away in 1968, noting that Austria had conservative leaders during the entire time he lived there.",0
"AP - There's a new bar on the right-field roof and seats on the left-field wall. In center field, Jimmy Buffet sang ""Changes in Latitude, Changes in Attitude"" on the hallowed ground that once was off-limits to concerts.",1
"Ed Hinkel made a diving, fingertip catch for a key touchdown and No. 16 Iowa stiffened on defense when it needed to most to beat Iowa State 17-10 Saturday.",1
"The conventional wisdom dictates that repeating as NBA champs is an extremely difficult undertaking. And so it is. However, in the past seventeen seasons, only one NBA titlist did NOT accomplish consecutive",1
LONDON - A new space race has begun and this time it has nothing to do with planting flags on the moon - it is all about money. The announcement last month by entrepreneur Sir Richard Branson that he was investing,3
"By LAURAN NEERGAARD    WASHINGTON (AP) -- Half of Americans older than 50 will be at risk of fractures from too-thin bones by 2020, the surgeon general warned Thursday, urging people to get more calcium, vitamin D and exercise to avoid crippling osteoporosis.    The bone-thinning disease is on the rise as the population grays - but weak bones aren't a natural consequence of aging, Surgeon General Richard Carmona stressed...",3
Baltimore Ravens left tackle Jonathan Ogden sprained the medial collateral ligament in his left knee in Thursday #39;s exhibition game against the New York Giants.,1
